Name,Address,Borough,Zip,Phone,Frozen
QUEENS COMMISSARY PLUS INC,37-11 QUEENS BLVD,Queens,,917-412-4145,
HALAL CHICKEN AND GYRO GUYS,1002 34TH ST,Queens,,718-490-2055,
GRAN WATAN,13915 9TH AVE,Queens,,718-348-0256,
KOOL-MAN,5819 MASPETH AVE,Queens,,718-894-8036,
ASTORIA ENERGY,3437 STEINWAY ST,Queens,,718-776-3931,
PNY BAGELS FOR ALL,4711 VAN DAM ST,Queens,,718-741-2578,
BAGLA COMMISSARY,2525 BORDEN AVE,Queens,,718-294-1282,
CITY COMMISSARY,3735 VERNON BLVD,Queens,,718-885-8713,
HEMPSTEAD DEPOT,21504 HEMPSTEAD AVE,Queens,,718-265-0900,
KISSENA DEPOT,470 KISSENA BLVD,Queens,,718-339-6905,
YAKI COMMISSARY,4133 NATIONAL ST,Queens,,347-777-6665,
M&Z COMMISSARY,327 SKILLMAN AVE,Queens,,201-993-9288,
TONY DRAGONS GRILLE,3518 42ND STREET,Queens,,813-416-8016,
AGALLA GROUP,3722 23RD AVE,Queens,,718-406-7296,
HEGAZYA VENDOR,356 BROADWAY,Queens,,718-421-7000,
HAMZA COMMISSARY,90-10 MERRICK BLVD,Queens,,718-402-0691,
EDAWY COMMISSARY,89-15 JAMAICA AVE,Queens,,718-898-9335,
DELIGHT COMMISSARY,3221 58TH ST,Queens,,,
AL-AMIN COMMISSARY,9500 LIBERTY AVE,Queens,,,
UNLIMITED NUT COMMISSARY,3448 121ST ST,Queens,11433,,
TAJEEN COMMISSARY,851 METROPOLITAN AVE,Queens,,,
DINGERS COMMISSARY,55-10 MASPETH AVE,Queens,,718-723-0073,
JI YOU BRAISED,284 ROOSEVELT AVE,Queens,,,
FOUR STAR DEPOT,5617 JUNCTION BLVD,Queens,,,
CREPES TRUCK DEPOT,1015 HUNTS POINT AVE,Queens,,718-292-8893,
M.F.U. COMMISSARY,1200 MYRTLE AVE,Queens,,,
MIST COMMISSARY,3940 2ND AVE,Queens,,,
CARIBBEAN VENDOR SUPPLY,65-32 MYRTLE AVE,Queens,,,
AQ COMMISSARY,50-20 QUEENS BLVD,Queens,,,
FLUSHING COMMISSARY,135-05 NORTHERN BLVD,Queens,,,
AJM BUS COMMISSARY,1191 SPOFFORD AVE,Bronx,,718-821-1369,
S.A.S COMMISSARY,2117 WEBSTER AVE,Bronx,,718-937-7456,
A.Z.R ENTERPRISE,811 WHITTIER ST,Bronx,,718-328-5050,
EAST 144 COMMISSARY,1422 EAST 144 ST,Bronx,,,
ALEXANDER COMMISSARY,1202 BROOKS AVE,Bronx,,,
BUCKNER COMMISSARY,358 CONCORD AVE,Bronx,,,
SOUTH COMMISSARY,4312 3RD AVE,Bronx,,,
DOMINICAN COMMISSARY,1975 BOSTON RD,Bronx,,,
CARIBBEAN DEPOT,2934 3RD AVE,Bronx,,,
INDEPENDENT COMMISSARY,527 BARRETTO ST,Bronx,,,
NONE / PRIVATE,3401 3RD AVE,Bronx,,718-699-5241,
MOTT HAVEN COMMISSARY,306 CONCORD AVE,Bronx,,,
HUNTS POINT COMMISSARY,800 GARRISON AVE,Bronx,,,
LONGWOOD COMMISSARY,952 SOUTHERN BLVD,Bronx,,,
3RD AVE COMMISSARY,4100 3RD AVE,Bronx,,,
SMOOTHIE COMMISSARY,328 TEN EYCK ST,Brooklyn,,718-326-347,
M & H COMMISSARY,8813 DITMAS AVE,Brooklyn,,718-560-8932,
COFFEY ST DEPOT,85 COFFEY STREET,Brooklyn,,929-424-0962,
HOT DOG & YOGURT,210 JORALEMON ST,Brooklyn,,310-986-6426,
SURF AVE DEPOT,602 SURF AVE,Brooklyn,,,
RED HOOK BEVERAGE,66 SEABRING ST,Brooklyn,,718-500-0291,
FORT GREEN COMMISSARY,11 CLINTON AVE,Brooklyn,11205,,
PLACE 2 PARK,5837 5TH AVE,Brooklyn,,718-800-7505,
HOYT ST COMMISSARY,303 HOYT STREET,Brooklyn,,718-258-2478,
FLATBUSH COMMISSARY,1525 FLATBUSH AVE,Brooklyn,,,
GOWANUS DEPOT,233 BUTLER ST,Brooklyn,,,
SUNSET PARK COMMISSARY,5110 4TH AVE,Brooklyn,,,
BAY RIDGE DEPOT,6720 FORT HAMILTON PKWY,Brooklyn,,,
CONEY ISLAND COMMISSARY,1218 SURF AVE,Brooklyn,,,
TERRY COMMISSARY,155 TERRY ST,Brooklyn,,,
D SUPPLIES PUSHCART,1515A 12TH AVE,Manhattan,,718-805-7182,
CHINESE-AMERICAN PLANNING COUNCIL,50 NORFOLK STREET,Manhattan,,917-353-5762,
CONSERVATION SOCIETY,830 5TH AVE,Manhattan,,212-288-6077,
JAMROCK JERK,9 10TH AVE,Manhattan,,718-400-6139,
HARLEM COMMISSARY,2250 1ST AVE,Manhattan,,,
CHINATOWN DEPOT,88 MADISON ST,Manhattan,,,
EAST VILLAGE COMMISSARY,222 E 2ND ST,Manhattan,,,
MIDTOWN WEST DEPOT,550 W 45TH ST,Manhattan,,,
WASHINGTON HEIGHTS COMMISSARY,3670 BROADWAY,Manhattan,,,
